,AuthoDisplayName,CommentID,LikeCount,TotalReplyCount,canReplay,publishedAt,textDisplay,textOriginal,sexe,sentiments
0,VANZI,UgzifiqNLfaxTZoQCwN4AaABAg,78,13,True,2017-12-12T20:07:35.000Z,"bruh when you making beast mode video use at least some badass music, sounds like primary school party xD","bruh when you making beast mode video use at least some badass music, sounds like primary school party xD",female,positive
1,Cr7prod7i Edits,UgxuSHKqCGY7Vv0LNwF4AaABAg,140,17,True,2017-12-12T15:42:07.000Z,Cr7 always the best for me. I donâ€™t care what people say. This video will get 1.something million views in a few months my friend keep it up,Cr7 always the best for me. I donâ€™t care what people say. This video will get 1.something million views in a few months my friend keep it up,male,positive
2,SLIZHENKOV l HD,Ugx49VD5uzjo8A0cQMl4AaABAg,32,1,True,2017-12-12T19:04:27.000Z,"BEAST work, bro!","BEAST work, bro!",male,neutral
3,Christian TreviÃ±o - Editor,UgzSohZyQEFYZ_8Nx_R4AaABAg,19,0,True,2017-12-12T19:15:42.000Z,Love your vids! keep It up! Big fan,Love your vids! keep It up! Big fan,male,positive
4,GolazoFirst,UgzPPSDmVnCqlgB7am94AaABAg,17,1,True,2017-12-12T17:54:17.000Z,Nice edit my friend! ğŸ˜ğŸ”¥,Nice edit my friend! ğŸ˜ğŸ”¥,neutral,positive
5,Fadel Mosawi,UgzqmsWUMquou8KGdG14AaABAg,30,0,True,2017-12-13T08:02:05.000Z,Imagine this player is 32 years old !!,Imagine this player is 32 years old !!,male,positive
6,TROCRi 9,UgyZ8Wh6jWNw8_xnbAt4AaABAg,12,0,True,2017-12-12T16:49:25.000Z,Video foda !,Video foda !,female,neutral
7,veljko andrejic,UgwFpBvnOE3f3g8NKC54AaABAg,37,5,True,2017-12-12T16:06:30.000Z,"People say he is bad this season,man i dont think so he is dribling and passing a lot more then last season,my opinion","People say he is bad this season,man i dont think so he is dribling and passing a lot more then last season,my opinion",male,negative
8,Sanja TarabariÄ,UgxSPml0WJD7tK_rrBV4AaABAg,15,2,True,2017-12-12T15:23:52.000Z,I love watching yours struggling...ğŸ˜ŠğŸ˜†,I love watching yours struggling...ğŸ˜ŠğŸ˜†,neutral,positive
9,Justin Cj,UgyFiCS7Yj1CRVeL3R14AaABAg,10,0,True,2017-12-12T16:21:59.000Z,man heavy videoğŸ˜ğŸ˜ğŸ˜˜,man heavy videoğŸ˜ğŸ˜ğŸ˜˜,male,negative
10,Kartik Keya,UgzQS6fBS6T-pMjiB_x4AaABAg,6,0,True,2017-12-13T12:54:00.000Z,Iâ€™m really late to praise you mr bundesteam! Brilliant work!,Iâ€™m really late to praise you mr bundesteam! Brilliant work!,male,positive
11,Luka,UgxcfAiutvOFqtt00LJ4AaABAg,20,3,True,2017-12-12T19:54:34.000Z,Best player in the history of football.,Best player in the history of football.,male,positive
12,Sams Football,UgxR0syPgf4Myxk907x4AaABAg,16,1,True,2017-12-12T15:22:00.000Z,Back to their caves now. Smh ğŸ¤¦ğŸ»â€â™‚ï¸,Back to their caves now. Smh ğŸ¤¦ğŸ»â€â™‚ï¸,male,neutral
13,Mo7nd,Ugx8XFyMkzZGMjPWskZ4AaABAg,68,9,True,2017-12-12T17:30:07.000Z,The beast â¤â¤â¤â¤<br />He will destroy anyone who steps on his way ğŸ’ªğŸ’ªğŸ’ª,"The beast â¤â¤â¤â¤
He will destroy anyone who steps on his way ğŸ’ªğŸ’ªğŸ’ª",male,negative
14,ItzGlowingMonkey,Ugy29EPL8WXf8tjbLqB4AaABAg,15,1,True,2017-12-12T16:20:39.000Z,Why no champions league skills and goals?,Why no champions league skills and goals?,neutral,neutral
15,pinkce gordon,UgzW1dYhJCw4Ca-kDLB4AaABAg,11,0,True,2017-12-13T23:35:52.000Z,"Nice video, loved it,,, CR7 the best ever play footballâš½","Nice video, loved it,,, CR7 the best ever play footballâš½",female,positive
16,HEMBA YAMBEM,UgyD705meudBr2Nr0UZ4AaABAg,6,0,True,2017-12-12T17:56:06.000Z,Great video,Great video,neutral,positive
17,nitesh Singh,Ugy0jp5Un4O8SyVCGo94AaABAg,9,3,True,2017-12-12T15:25:11.000Z,Can you make a video of cristiano in strongest song of Alan walker,Can you make a video of cristiano in strongest song of Alan walker,male,neutral
18,Suman Ghosh,UgyxVecydZBGny5EjI54AaABAg,9,0,True,2017-12-12T15:36:50.000Z,Best video ever.,Best video ever.,neutral,positive
19,lil bryson,Ugx0poUPVMtQYNXjVCR4AaABAg,10,0,True,2017-12-12T16:13:23.000Z,Ronaldo has been involved in Madrid goals this season a lot more,Ronaldo has been involved in Madrid goals this season a lot more,female,positive
20,Ivan Esquivel,Ugyo2G6kp9IA0DDldll4AaABAg,7,0,True,2017-12-12T17:43:30.000Z,Please better music next time,Please better music next time,male,positive
21,Cloud 9,Ugy5Pl8Ex4W0WpF92_p4AaABAg,7,0,True,2017-12-14T13:41:10.000Z,Editing was lit,Editing was lit,male,neutral
22,Sanja TarabariÄ,Ugybu_EJbjctqEVObzN4AaABAg,3,1,True,2017-12-12T15:20:50.000Z,And I said...I want to stay in friendship with you...Cr7.,And I said...I want to stay in friendship with you...Cr7.,neutral,neutral
23,Fatih Dikici,UgzWunb4XPB803rc9ER4AaABAg,7,0,True,2017-12-12T15:30:54.000Z,best player in history? nononono,best player in history? nononono,male,positive
24,MR7,UgxyECjxRdoo2h2L3Np4AaABAg,4,0,True,2017-12-21T19:20:44.000Z,THE BEAST!!!ğŸ˜†ğŸ–’,THE BEAST!!!ğŸ˜†ğŸ–’,male,neutral
25,VÃ­deos Loucos,UgyZrkVDiE6I_1fSOnZ4AaABAg,3,0,True,2017-12-12T16:43:49.000Z,The best Channel for follow,The best Channel for follow,male,positive
26,osmannovic cesca,UgwY0fk9drfuG7JVOCd4AaABAg,4,0,True,2017-12-12T16:17:46.000Z,The greatest human being to kick the rounded egg (ball)ğŸ˜ƒğŸ˜¹,The greatest human being to kick the rounded egg (ball)ğŸ˜ƒğŸ˜¹,male,positive
27,Moussa Diallo,Ugw2cSPxuxO0-R43Wvx4AaABAg,5,0,True,2017-12-12T15:17:48.000Z,second,second,male,neutral
28,De GrÃ¸nne,UgxNAygKTSxcgD1srA54AaABAg,4,0,True,2017-12-12T15:17:23.000Z,First,First,neutral,positive
29,ENYGMA 99,UgyJ8PR429wgeP_pWxN4AaABAg,68,9,True,2017-12-12T15:18:17.000Z,Who thinks that Cristiano Ronaldo is the best in the world?,Who thinks that Cristiano Ronaldo is the best in the world?,female,positive
30,Mohammed Aljuhani,UgymaKgB2dwl16iqGvd4AaABAg,5,2,True,2017-12-13T20:42:11.000Z,Ronaldo is The best player in the history,Ronaldo is The best player in the history,male,positive
31,Joey Dragon,UgymBMcL3oTysPXIJvZ4AaABAg,3,4,True,2017-12-13T05:39:21.000Z,Wait is Rolando pushing the ref a skill or a trick?<br />You should not put that clip in the vid,"Wait is Rolando pushing the ref a skill or a trick?
You should not put that clip in the vid",male,neutral
32,Andy Rojas,Ugz83NrJzevCyPpkw4l4AaABAg,8,9,True,2017-12-12T16:37:12.000Z,Depressing to see all the chances Ronaldo creates for Benzema and Benzema misses 90% of them. Trash player,Depressing to see all the chances Ronaldo creates for Benzema and Benzema misses 90% of them. Trash player,male,negative
33,MÃ¡rk Gerba,UgyUwAG-8T6DM0MWA0d4AaABAg,3,0,True,2017-12-28T12:02:58.000Z,Nice,Nice,male,positive
34,Siddharth Selvakumar,UgwhBx44Bq8qWPWw4ZB4AaABAg,0,2,True,2017-12-12T16:42:11.000Z,What music is that 1st song,What music is that 1st song,male,neutral
35,Farhat Syed,UgxFyFRO36EwrEC2kFB4AaABAg,2,1,True,2017-12-14T22:45:27.000Z,Peel is better then ronaldo,Peel is better then ronaldo,male,positive
36,casper1498,UgzvM9O83JnlmowCw2d4AaABAg,5,13,True,2017-12-12T18:34:19.000Z,"how can people say he&#39;s the best still? It&#39;s fair to be a fan, but seriously? He&#39;s not the best anymore","how can people say he's the best still? It's fair to be a fan, but seriously? He's not the best anymore",male,positive
37,Goncalo Goncalves,UgwBtxjezp9J69xb83x4AaABAg,3,0,True,2017-12-12T22:15:14.000Z,Great Video!!!,Great Video!!!,male,positive
38,David Friesenbichler,Ugz6qcn2sJGnq8pfOQR4AaABAg,3,0,True,2017-12-14T06:22:28.000Z,Best Video best MUSIC Stunning,Best Video best MUSIC Stunning,male,positive
39,WILFRED ASSOLLOH,UgyhVPH9i0zsTUXl9NZ4AaABAg,23,6,True,2017-12-12T23:13:48.000Z,Better then Messi,Better then Messi,male,positive
40,Ado ss,Ugz_G5gId0poNgKYfG14AaABAg,1,0,True,2017-12-23T14:47:50.000Z,"Ronaldo and be Beast in football? 5 years ago. Now he is good attacker, nothing more. He wins lasts 3 Golden Balls because Real was much better than Barcelona, but he was only good like Modric, Isco, Marcelo or Kroos. Messi are best in Barcelona in  this same time. Respect for Ronaldo, but stop make him best player in the world because it is no true.","Ronaldo and be Beast in football? 5 years ago. Now he is good attacker, nothing more. He wins lasts 3 Golden Balls because Real was much better than Barcelona, but he was only good like Modric, Isco, Marcelo or Kroos. Messi are best in Barcelona in  this same time. Respect for Ronaldo, but stop make him best player in the world because it is no true.",male,positive
41,CR7 Studio,Ugyu0gFMxkbLd0r7O1B4AaABAg,2,0,True,2017-12-28T04:06:38.000Z,Brother what is the procedure you make these videos.tell me from where you get these videos and these awesome songs.,Brother what is the procedure you make these videos.tell me from where you get these videos and these awesome songs.,male,positive
42,Football Is Amazing,Ugw2K82yATPDzc0Ylql4AaABAg,2,0,True,2017-12-27T00:10:26.000Z,Beast mode but so unlucky with the goals at the same time :(,Beast mode but so unlucky with the goals at the same time :(,male,negative
43,No Name,UgyAyS1F0wwpzHiXcR14AaABAg,1,1,True,2017-12-13T00:01:05.000Z,where is goals vs dortmund and from UCL ? :/,where is goals vs dortmund and from UCL ? :/,neutral,negative
44,Anonymous 00,Ugymb9WkCW9a-39DXtx4AaABAg,1,0,True,2018-01-14T19:30:30.000Z,Welcome to Benevento,Welcome to Benevento,male,positive
45,herbert peter,Ugx1uMk_yQrTUd7Bzd14AaABAg,1,3,True,2017-12-12T19:06:15.000Z,Penaldo,Penaldo,male,neutral
46,Maliha Arsalan,UgwLgsXNW6c3AE6fL5B4AaABAg,1,0,True,2018-01-13T09:10:03.000Z,Messi is better than ronaldo,Messi is better than ronaldo,female,positive
47,Gereksiz Adam,UgxmV59me2IEULU6Vh54AaABAg,0,0,True,2017-12-30T18:09:11.000Z,Abiler Ronaldo HayranÄ±yÄ±m Ã‡ok Seviyorum Ä°stiyorum Onun Gibi Ve Sonunda Mahallemizde Ã‡alÄ±ÅŸtÄ±m Ronaldo Gibi Ã‡alÄ±m Atabiliyorum<br />Ã‡alÄ±ÅŸtÄ±m Ve BaÅŸardÄ±m Ä°stemekle OluyormuÅŸ [CR7 â™¡â™¡â™¡],"Abiler Ronaldo HayranÄ±yÄ±m Ã‡ok Seviyorum Ä°stiyorum Onun Gibi Ve Sonunda Mahallemizde Ã‡alÄ±ÅŸtÄ±m Ronaldo Gibi Ã‡alÄ±m Atabiliyorum
Ã‡alÄ±ÅŸtÄ±m Ve BaÅŸardÄ±m Ä°stemekle OluyormuÅŸ [CR7 â™¡â™¡â™¡]",male,neutral
48,FirstFirst LastLast,UgxOs2_fNtxbGEMSCG14AaABAg,1,0,True,2017-12-24T05:45:16.000Z,I think is is 89 times i wached it,I think is is 89 times i wached it,male,neutral
49,LINDI Memqaj,UgxK-udN8iVrfzFJ0sl4AaABAg,1,0,True,2018-01-20T18:53:13.000Z,RONALDO ğŸ’ªğŸ’ªğŸ’ªğŸ’ªğŸ’ªğŸ’ªğŸ’ªğŸ’ªğŸ’ªğŸ’ªğŸ’ªğŸ‘‘ğŸ‘‘ğŸ‘‘ğŸ‘‘ğŸ‘‘ğŸ‘‘ğŸ‘‘ğŸ‘‘ğŸ‘‘ğŸ‘‘ğŸ‘‘,RONALDO ğŸ’ªğŸ’ªğŸ’ªğŸ’ªğŸ’ªğŸ’ªğŸ’ªğŸ’ªğŸ’ªğŸ’ªğŸ’ªğŸ‘‘ğŸ‘‘ğŸ‘‘ğŸ‘‘ğŸ‘‘ğŸ‘‘ğŸ‘‘ğŸ‘‘ğŸ‘‘ğŸ‘‘ğŸ‘‘,female,neutral
50,thieng nguyen,UgynZ3WYWXiVUYd5vOZ4AaABAg,0,0,True,2018-01-07T12:12:12.000Z,bÃ i Ä‘áº§u tiÃªn lÃ  bÃ i gÃ¬ z má»i ngÆ°á»i,bÃ i Ä‘áº§u tiÃªn lÃ  bÃ i gÃ¬ z má»i ngÆ°á»i,male,neutral
51,roselee love,UgwHNeBeKrwHPBYRuRx4AaABAg,0,0,True,2018-01-12T21:58:22.000Z,bless Rolando you are like world as well also you are bless as well,bless Rolando you are like world as well also you are bless as well,female,neutral
52,Farhat Syed,Ugx8hb7O9I2G1m1Zsyt4AaABAg,1,0,True,2017-12-14T22:47:07.000Z,But I like ronaldo he is my 1 favorite soccer player,But I like ronaldo he is my 1 favorite soccer player,male,positive
53,Prithvi raj,UgwGwBCXTQS1q3X5Bwt4AaABAg,1,0,True,2017-12-24T13:43:14.000Z,East or west Ronaldo is the best,East or west Ronaldo is the best,male,positive
54,Shahabaz SR4,Ugx-KYXXsK9icHEdv7J4AaABAg,1,0,True,2017-12-15T09:36:19.000Z,Awesome video brooo...loved itğŸ˜˜,Awesome video brooo...loved itğŸ˜˜,male,positive
55,Jeo K Sabu,UgwEFUhF6QilEdh6x8R4AaABAg,1,1,True,2017-12-18T02:33:57.000Z,"Do you call this the best dribbles!?? <br />Guys, admit it... It&#39;s just stopovers n pass","Do you call this the best dribbles!?? 
Guys, admit it... It's just stopovers n pass",male,positive
56,Alex Beesley,UgzrzcBRGMXS9p04ftt4AaABAg,1,0,True,2018-01-15T17:10:15.000Z,I love him,I love him,male,positive
57,Alex Beesley,UgzVKJNow1oVyg-Mtw54AaABAg,1,0,True,2018-01-15T17:09:25.000Z,I love him,I love him,male,positive
58,ASIF JAMAL,UgypVJgaphp5w-qUwSZ4AaABAg,1,0,True,2017-12-24T14:25:24.000Z,nice cr7,nice cr7,male,positive
59,Abdul Razzaq,UgwwP2fcSV_lOY5TMT94AaABAg,1,1,True,2017-12-14T13:58:55.000Z,superb video thanks very much,superb video thanks very much,male,positive
60,Farhat Syed,UgzwOhMf68RFt3Dnus14AaABAg,1,0,True,2017-12-14T22:46:03.000Z,I mean pele is better than ronaldo,I mean pele is better than ronaldo,male,positive
61,UEFA Ronaldo League,UgyNTGUW1lWY2ovSRW94AaABAg,1,0,True,2017-12-30T16:07:39.000Z,"<a href=""https://www.youtube.com/watch?v=c48rERVac-w&amp;t=0m40s"">0:40</a> for AL Barca fans &quot;ronaldo can&#39;t no look pass&quot;","0:40 for AL Barca fans ""ronaldo can't no look pass""",male,neutral
62,Max Gilmour,Ugw0RyEwJ8kNWaQzqs14AaABAg,0,1,True,2017-12-14T10:42:33.000Z,If Ronaldo is so good why has he only scored 4 goals in 11 games in la liga and messi has scored 14 in 15,If Ronaldo is so good why has he only scored 4 goals in 11 games in la liga and messi has scored 14 in 15,male,positive
63,Faris Gazali,Ugy7MDs6q0WScP8kYFh4AaABAg,1,1,True,2017-12-13T01:12:55.000Z,Cristiano Ronaldo best player in the world!,Cristiano Ronaldo best player in the world!,male,positive
64,Frankie,UgyU0P-YJEqHDRaxYuB4AaABAg,2,6,True,2017-12-12T15:45:13.000Z,Post some cl footage,Post some cl footage,neutral,neutral
65,The Dabinator,Ugz8UTKSndMuJaXDMX94AaABAg,1,0,True,2017-12-15T03:05:44.000Z,"<a href=""https://www.youtube.com/watch?v=c48rERVac-w&amp;t=0m48s"">0:48</a> Nacho:im just chilling",0:48 Nacho:im just chilling,male,negative
66,Dipesh Maisuriya,UgxDGhZszCcqZ5jdlgd4AaABAg,1,0,True,2017-12-14T11:45:29.000Z,"I canâ€™t believe u did not include the dribbles he did against spurs and DortmundğŸ˜’, also music was lame","I canâ€™t believe u did not include the dribbles he did against spurs and DortmundğŸ˜’, also music was lame",male,negative
67,Ahmad Subhan,UgzE6FZW5AzxgXHRYRt4AaABAg,1,0,True,2018-01-03T10:10:35.000Z,Top 3 best players in world.<br />1. CR7<br />2. Cristisized Ronaldo<br />3. Finished Ronaldo,"Top 3 best players in world.
1. CR7
2. Cristisized Ronaldo
3. Finished Ronaldo",male,positive
68,Karol KuczyÅ„ski,Ugy2sKyyFCfu7TXfut94AaABAg,3,3,True,2017-12-12T18:24:31.000Z,He is GOAT. Fight me.,He is GOAT. Fight me.,male,neutral
69,Cris7 Studio,UgwHh-1iAM2XNMpf86t4AaABAg,109,11,True,2017-12-12T15:18:36.000Z,"The BEST Player In The World ! No doubt ! <br /><a href=""http://www.youtube.com/results?search_query=%23MyIdol"">#MyIdol</a>â¤<br /><a href=""http://www.youtube.com/results?search_query=%23King"">#King</a>ğŸ˜","The BEST Player In The World ! No doubt ! 
#MyIdolâ¤
#KingğŸ˜",male,positive
70,Paul Ps,UgwXP8jfES3NbB3StRd4AaABAg,1,0,True,2017-12-14T17:12:10.000Z,Beast player beast video the best,Beast player beast video the best,male,positive
71,gio chyonia,UgyZGWrNWaY1kzUmXU14AaABAg,0,0,True,2018-01-02T20:39:52.000Z,Good,Good,male,positive
72,hamiz ashfaq,UgwgiZxdkQJHZCb1YGh4AaABAg,1,0,True,2018-01-25T17:04:56.000Z,Love cristiano ..â¤â¤â¤,Love cristiano ..â¤â¤â¤,male,positive
73,FirstFirst LastLast,UgxNCWafrHCrk9PGXoJ4AaABAg,1,1,True,2018-01-01T07:17:08.000Z,I think you should do a part 2,I think you should do a part 2,male,neutral
74,Messi is GOD,UgwKzTqGRVtfqwXp0B54AaABAg,1,0,True,2017-12-18T18:23:36.000Z,"HOW CAN YOU MAKE A VIDEO FOR HIM LOL??  4 Goals and 2 assists and 9 completed dribbles in 11 games..... 1 through ball every 5 games, 1 cross every 2 games...  GET IN THE BIN AWFUL PLAYER.","HOW CAN YOU MAKE A VIDEO FOR HIM LOL??  4 Goals and 2 assists and 9 completed dribbles in 11 games..... 1 through ball every 5 games, 1 cross every 2 games...  GET IN THE BIN AWFUL PLAYER.",male,negative
75,MARTÃN YTYT crach royale & minicraft,Ugxb72AjyCYVYdDXgP14AaABAg,6,0,True,2017-12-12T15:27:44.000Z,Hola maricones,Hola maricones,male,neutral
76,Luka Lisnain,UgxeZ2uxwHFSgV_GWot4AaABAg,3,0,True,2017-12-12T19:57:02.000Z,What a player,What a player,male,neutral
77,Reda gamer top,Ugw8ceInIE5pS7LEpxF4AaABAg,1,0,True,2017-12-13T17:35:50.000Z,"My boy <a href=""http://www.youtube.com/results?search_query=%23ronaldo"">#ronaldo</a>",My boy #ronaldo,male,neutral
78,Isak C,UgyOERC52oaedAatFwV4AaABAg,1,0,True,2017-12-14T19:33:23.000Z,"Just so good, his ability to dribble, run across the field, skill pass, pass, finish, long shots, shoot in general is just absolutely incredible!! The only thing he has to work at a little bit is to run, but he&#39;s easily the best player in the world","Just so good, his ability to dribble, run across the field, skill pass, pass, finish, long shots, shoot in general is just absolutely incredible!! The only thing he has to work at a little bit is to run, but he's easily the best player in the world",male,positive
79,Rhys Bannon,UgyyMbUFIg4S5KxCoBR4AaABAg,0,0,True,2017-12-26T20:41:16.000Z,I love cr7,I love cr7,male,positive
80,Rhys Bannon,UgweEVae4qhuW3rYt7x4AaABAg,1,0,True,2017-12-29T11:44:17.000Z,I loved the video,I loved the video,male,positive
81,Rhys Bannon,UgzVorRe-tmq1DdSyxJ4AaABAg,0,0,True,2017-12-27T15:33:21.000Z,All the stepover&#39;s ğŸ˜³ğŸ˜³ğŸ˜³,All the stepover's ğŸ˜³ğŸ˜³ğŸ˜³,male,neutral
82,Ali Daaboul,UgxNO_sJuRmNRV2Nn0N4AaABAg,1,3,True,2017-12-12T16:25:12.000Z,Where is the old video at Man Utd 2004 ???,Where is the old video at Man Utd 2004 ???,male,positive
83,Bapi Tudu,UgzTUcMU2S5CA26G3YJ4AaABAg,1,0,True,2017-12-13T12:12:42.000Z,nice....,nice....,neutral,positive
84,shmuel zeevi,UgyvUIKX9wz-bvjUIZN4AaABAg,1,0,True,2017-12-22T18:55:54.000Z,Epic video!!!! And awesome choice of music keep it up,Epic video!!!! And awesome choice of music keep it up,male,positive
85,EuphoriaGaming HD,UgxwCOXoZ7kgxkpcnV94AaABAg,4,16,True,2017-12-12T15:41:26.000Z,"Penaldo fans be like <br /><a href=""http://www.youtube.com/results?search_query=%23theking"">#theking</a><br /><a href=""http://www.youtube.com/results?search_query=%23thegoat"">#thegoat</a><br /><br /><br /><br /><br /><br /><br /><br /><br />Football fans with knowledge be like<br /><a href=""http://www.youtube.com/results?search_query=%23average"">#average</a>","Penaldo fans be like 
#theking
#thegoat








Football fans with knowledge be like
#average",male,neutral
86,Vvvb Mm,UgzzLG04K3YS8t5lRY54AaABAg,1,0,True,2018-01-08T03:39:22.000Z,I love the energy and passion that Cr7 has... One of the best football players ever,I love the energy and passion that Cr7 has... One of the best football players ever,female,positive
87,Mudassir Ali,UgyAcNrq2H3gCn2c7Z54AaABAg,1,0,True,2017-12-13T13:39:42.000Z,"<b>to all the cr7 fans ,don&#39;t care about us Messi fans ,we are all human we have our own opinion</b>","*to all the cr7 fans ,don't care about us Messi fans ,we are all human we have our own opinion*",male,positive
88,Ryan Productions,UgydFeeQvqJ_pqYfArx4AaABAg,3,0,True,2017-12-12T15:24:41.000Z,Great work Bro â¤ğŸ‘,Great work Bro â¤ğŸ‘,male,positive
89,Diego gamer mcpe,UgwPNOjOHOB4sU7KvaR4AaABAg,0,0,True,2017-12-18T16:58:34.000Z,Buen video un gran cr 7 soy defensa 20 como marco asesio,Buen video un gran cr 7 soy defensa 20 como marco asesio,male,neutral
90,Abdou Nair,UgyqWIchz2rD9-t3JD14AaABAg,0,0,True,2017-12-21T19:32:19.000Z,Mr Bundesteam U R The Best Editor &lt;3,Mr Bundesteam U R The Best Editor <3,male,positive
91,FirstFirst LastLast,UgyAUJIu96jfoRvJLId4AaABAg,0,3,True,2017-12-21T05:49:01.000Z,I lost count of how much I watched itğŸ˜ŠğŸ˜ŠğŸ¤”,I lost count of how much I watched itğŸ˜ŠğŸ˜ŠğŸ¤”,male,positive
92,Thomas Ringel,UgyNlBa0npd2JP95DWt4AaABAg,0,0,True,2017-12-15T20:52:01.000Z,er hat es sich erarbeitet. GroÃŸe Arbeit,er hat es sich erarbeitet. GroÃŸe Arbeit,male,neutral
93,Dexerius YT,UgxUZadIl0xkaj9yOlF4AaABAg,0,0,True,2017-12-13T12:04:50.000Z,I hope one day you become extremely famous. Great Video Bro.,I hope one day you become extremely famous. Great Video Bro.,male,positive
94,No Name,Ugw8zmLIR3xQSm0wxVl4AaABAg,0,0,True,2017-12-13T14:51:04.000Z,I like goals with a comentatory sorry for my english :D,I like goals with a comentatory sorry for my english :D,neutral,positive
95,toni jelecevic,UgzfXv6VRLShL2x0I_x4AaABAg,0,0,True,2017-12-13T14:16:36.000Z,Nice,Nice,male,positive
96,Patrick Begovic,UgzQMLlWaXFZYkUr1Sd4AaABAg,0,0,True,2017-12-14T04:58:56.000Z,Amazing video ğŸ”¥ğŸ‘ŒğŸ½,Amazing video ğŸ”¥ğŸ‘ŒğŸ½,male,positive
97,Jamaican Dragon â„¢,UgwWrZciQSEQd72U16N4AaABAg,7,0,True,2017-12-12T15:32:23.000Z,Brilliantly editedğŸ”¥ğŸ”¥ğŸ”¥,Brilliantly editedğŸ”¥ğŸ”¥ğŸ”¥,male,positive
98,Kopp 92i,Ugy3oJ0mhf8Dje-1mhR4AaABAg,0,0,True,2017-12-12T18:01:34.000Z,Tâ€™es vidÃ©os son bien ğŸ‘ğŸ¼,Tâ€™es vidÃ©os son bien ğŸ‘ğŸ¼,male,neutral
99,Enes TARIK HalcÄ±,Ugwb-E_1QWzFuV0Heyd4AaABAg,0,0,True,2018-01-26T15:09:41.000Z,"<a href=""https://www.youtube.com/watch?v=c48rERVac-w&amp;t=3m00s"">3:00</a> song?",3:00 song?,male,neutral
100,Deepu Arvi,UgykSLM_W9JqgslsC-B4AaABAg,0,0,True,2018-01-24T13:07:01.000Z,"<a href=""https://youtu.be/A1unHZTlm7c"">https://youtu.be/A1unHZTlm7c</a>",https://youtu.be/A1unHZTlm7c,female,neutral
101,rising redstone,UgwfWZj8Pf5Sir3Hpfd4AaABAg,0,0,True,2018-01-24T09:42:39.000Z,Messi is much better than him,Messi is much better than him,male,positive
102,ilmi top oyretiyo,UgwRZlv3uNsFTUkRnX94AaABAg,0,0,True,2018-01-23T13:20:42.000Z,eb bÃ¶yle gÃ¶rim,eb bÃ¶yle gÃ¶rim,male,neutral
103,DÃ´mÃ­ÅˆÃ®Ä‡ Massey,UgzQjdLKEVHAl9BFfR54AaABAg,0,0,True,2018-01-23T09:39:07.000Z,which song ia this,which song ia this,male,neutral
104,Ne Var Ne Yok,UgzabgLEC7hWYu6wtL14AaABAg,0,0,True,2018-01-23T01:42:06.000Z,vocÃª se inscreve para canalizar,vocÃª se inscreve para canalizar,male,neutral
105,à¸à¸¹à¹€à¸”à¹‡à¸à¸œà¸µ à¹à¸Ÿà¸™à¸¡à¸²à¸”à¸£à¸´à¸”,UgxD9-ro0C_mpXiOaEt4AaABAg,0,0,True,2018-01-22T11:58:51.000Z,Love  cr7,Love  cr7,male,positive
106,grapja1,UgzcwV-UeuLu0UsHkZp4AaABAg,0,0,True,2018-01-22T06:43:41.000Z,MESSIIIIIII,MESSIIIIIII,female,neutral
107,Kelsen Miguel Reyes Jr,UgyN3a5nH_0wHe3ishl4AaABAg,0,0,True,2018-01-21T23:42:55.000Z,Cr7 is my favorite soccer player! He is my love I will never forget him!Nice video I liked the videoğŸ˜ğŸ˜ğŸ˜ğŸ˜ğŸ˜,Cr7 is my favorite soccer player! He is my love I will never forget him!Nice video I liked the videoğŸ˜ğŸ˜ğŸ˜ğŸ˜ğŸ˜,male,positive
108,ali arza,Ugyyd6QR5iWv6_6y_QV4AaABAg,0,0,True,2018-01-21T19:09:57.000Z,What is the name of the music you put in the background? I&#39;m from venezuela I like your channel,What is the name of the music you put in the background? I'm from venezuela I like your channel,neutral,neutral
109,neymar jr,UgwMxNwd07yJyTfdsZ54AaABAg,0,0,True,2018-01-21T15:50:07.000Z,Cristiano ronaldo,Cristiano ronaldo,male,neutral
110,Yaiphaba Salam,Ugy6L_T7JHpXpFLojZB4AaABAg,0,0,True,2018-01-21T13:20:20.000Z,Simple....<br />3636574235....stepovers + 775436 skills for 1 defender<br />1 skill for 6/7 defenders.ğŸ˜‚ğŸ˜‚ğŸ˜‚,"Simple....
3636574235....stepovers + 775436 skills for 1 defender
1 skill for 6/7 defenders.ğŸ˜‚ğŸ˜‚ğŸ˜‚",male,neutral
111,kalmi farkas,UgxybfrQ67NqOdzfz-R4AaABAg,0,0,True,2018-01-20T18:30:29.000Z,ğŸ˜€,ğŸ˜€,female,neutral
112,Bishar Sahid Klass3,UgxzphC4AqGy5WDWKJd4AaABAg,0,0,True,2018-01-20T07:28:48.000Z,ronaldo Ã¤r King,ronaldo Ã¤r King,male,neutral
113,ARARSO TARAFA,Ugx3wpZiPCqJh6HgIz14AaABAg,0,0,True,2018-01-20T06:55:10.000Z,Wow!,Wow!,male,positive
114,Azam Quershi,UgzxVIBgn1TBUHYn7Bh4AaABAg,0,0,True,2018-01-20T05:19:50.000Z,Awesome,Awesome,male,positive
115,brendon magalhaes,UgxVnaJJ2lGj3AkoSwR4AaABAg,0,0,True,2018-01-20T02:20:10.000Z,Messi the best of word,Messi the best of word,male,positive
116,Vyenktesh Potdar,UgyvUl8yHNq9Oz7N_y54AaABAg,0,1,True,2018-01-19T16:06:39.000Z,"Potdarvyenktesh@<a href=""http://gmail.com/"">gmail.com</a>",Potdarvyenktesh@gmail.com,male,neutral
117,TarÄ±k MÄ°NECRAFT ta,Ugycx0BD8MowsSIpxiZ4AaABAg,0,0,True,2018-01-18T17:43:27.000Z,I like,I like,male,neutral
118,ì•„ ì €ëŠ” ë³‘ì‹ ë§êµ¬ìš”,UgzDpjubT2rgMdWDn8d4AaABAg,0,0,True,2018-01-17T09:22:53.000Z,Cristiano ronaldo&gt;&gt; son heungmin&gt;&gt;&gt;&gt;&gt;&gt;&gt;&gt;&gt;&gt;&gt;messi,Cristiano ronaldo>> son heungmin>>>>>>>>>>>messi,male,neutral
119,amirah farhana,UgyAXVv2ItXgl9ck2yZ4AaABAg,0,0,True,2018-01-16T00:30:05.000Z,first song,first song,female,positive
120,OHM TIN,UgyJtq0UmRSYy6b84hF4AaABAg,0,0,True,2018-01-15T06:35:39.000Z,I LOVE CR7 â˜ºğŸ˜,I LOVE CR7 â˜ºğŸ˜,male,positive
121,Super goal,UgwecUEhFnJ_UGM_sOZ4AaABAg,0,0,True,2018-01-13T18:02:39.000Z,Ø´ÙˆÙÙˆ Ù‚Ù†Ø§ØªÙŠ ğŸµ,Ø´ÙˆÙÙˆ Ù‚Ù†Ø§ØªÙŠ ğŸµ,neutral,neutral
122,Deepak Bhavsar,UgytKlgosUlq7F0vMIN4AaABAg,0,0,True,2018-01-12T15:49:53.000Z,"Hey , Rinaldo I&#39;m your fanğŸ˜ğŸ˜€ğŸ˜¶ğŸ¤—ğŸ¤—","Hey , Rinaldo I'm your fanğŸ˜ğŸ˜€ğŸ˜¶ğŸ¤—ğŸ¤—",male,neutral
123,CRfam 123,Ugz4D3NR4gZQKmvCucl4AaABAg,0,0,True,2018-01-12T14:03:49.000Z,LOVE RONALDO,LOVE RONALDO,male,positive
124,yander Pinargote,Ugw4IetTIlfq5KSJ58R4AaABAg,0,0,True,2018-01-11T17:22:12.000Z,Aburrido ese video de cr7...los de messi son mejor incluso los de neymar son mejores,Aburrido ese video de cr7...los de messi son mejor incluso los de neymar son mejores,male,neutral
125,Sorn Ly,UgzhrS9r4xeCwA5yz-d4AaABAg,0,0,True,2018-01-11T12:00:46.000Z,I like football,I like football,neutral,neutral
126,ELDI CR7,Ugy2SPNzvPaSBgdDOxJ4AaABAg,0,0,True,2018-01-10T21:30:19.000Z,nice video bro,nice video bro,male,positive
127,Ben Hamida Rafika,UgxaHFU43pULY0tAzn14AaABAg,0,0,True,2018-01-10T20:58:08.000Z,vive c.R 7,vive c.R 7,male,neutral
128,Ben Hamida Rafika,UgwtUraNbKwar8qltmd4AaABAg,0,0,True,2018-01-10T20:57:54.000Z,vive c.R 7,vive c.R 7,male,neutral
129,Santiago Novillo,UgwWF2lSlPsejGR0Cox4AaABAg,0,0,True,2018-01-10T11:15:18.000Z,"CIES Football Observatory Transfer Values Ranking<br /><br />1. Neymar Junior   - â‚¬213.0<br />2. Lionel Messi  - â‚¬202.0<br />3. Harry Kane   - â‚¬194.7<br /><br />...<br /><br />49. Cristiano Ronaldo  - â‚¬80.4<br /><br />Source: <a href=""http://www.football-observatory.com/"">http://www.football-observatory.com/</a>","CIES Football Observatory Transfer Values Ranking

1. Neymar Junior   - â‚¬213.0
2. Lionel Messi  - â‚¬202.0
3. Harry Kane   - â‚¬194.7

...

49. Cristiano Ronaldo  - â‚¬80.4

Source: http://www.football-observatory.com/",male,neutral
130,Anteater23,UgxbTyPLd-SvXvFDg2d4AaABAg,0,0,True,2018-01-09T13:55:59.000Z,Best player ever? He&#39;s not even the best right now ğŸ˜‚ğŸ˜‚ğŸ˜‚,Best player ever? He's not even the best right now ğŸ˜‚ğŸ˜‚ğŸ˜‚,female,positive
131,iiBeastii C,UgyYY8Ch2yQgb8SV17h4AaABAg,0,0,True,2018-01-09T09:26:13.000Z,Awesome compilation bro!! Also I luv the music you add with it!! Also Cr7 is always gonna be my favorite!! Great compilation!! ğŸ‘ŒğŸ‘,Awesome compilation bro!! Also I luv the music you add with it!! Also Cr7 is always gonna be my favorite!! Great compilation!! ğŸ‘ŒğŸ‘,female,positive
132,Mehmed Becirovic,UgzWh1GGJpaE1SrW_v94AaABAg,0,0,True,2018-01-08T19:11:12.000Z,Magic cr7ğŸ‘ğŸ‘ğŸ‘,Magic cr7ğŸ‘ğŸ‘ğŸ‘,male,positive
133,Mehmed Becirovic,Ugw9rOxJ-wY6yMIYyWZ4AaABAg,0,0,True,2018-01-08T19:08:48.000Z,I love cristiano ronaldo is a king,I love cristiano ronaldo is a king,male,positive
134,Tinashe Pikasso,Ugx2A5y-thpCNSFwQot4AaABAg,0,0,True,2018-01-07T12:55:03.000Z,Ronaldo is good no doubt but messi is a killer dribbler,Ronaldo is good no doubt but messi is a killer dribbler,male,positive
135,Mohd Alamir,UgyCSesiGK3HJjUq-Hl4AaABAg,0,0,True,2018-01-07T09:27:28.000Z,"CR7 is always the best in the History i don&#39;t care if they say Messi is the best, Beast work My Friend","CR7 is always the best in the History i don't care if they say Messi is the best, Beast work My Friend",male,positive
136,Irving Mera,UgynK68fMBrkPPvnXWV4AaABAg,0,0,True,2018-01-06T23:08:53.000Z,jajajajjajajjajajjaja xD skills,jajajajjajajjajajjaja xD skills,male,neutral
137,Diogo Mendes,UgzIhyZlkH5460aKGkt4AaABAg,0,0,True,2018-01-06T12:43:20.000Z,Ronaldo j&#39;aimerais bien Ãªtre les deux t&#39;on fise  JosÃ© et leonardo,Ronaldo j'aimerais bien Ãªtre les deux t'on fise  JosÃ© et leonardo,male,neutral
138,Tangawisie,UgyNbae83PM5I-kCxHN4AaABAg,0,0,True,2018-01-06T12:14:57.000Z,ronaldo kom naar begie huisnumer veertien lebau die straat je bent beter dan messi,ronaldo kom naar begie huisnumer veertien lebau die straat je bent beter dan messi,female,neutral
139,sr.Derpy_swag,UgzafkjvosN147-Z_gV4AaABAg,0,0,True,2018-01-06T01:05:39.000Z,I was top fan of your channel and daddy cris,I was top fan of your channel and daddy cris,male,positive
140,abcd 345,UgxMuSk3lqyz6iSu8m94AaABAg,0,0,True,2018-01-05T13:56:59.000Z,I like your video but I hate Ronaldo,I like your video but I hate Ronaldo,male,negative
141,Ozan GÃ¶gremis,UgwwmBMwRw9mDeGV9ux4AaABAg,0,0,True,2018-01-05T12:55:40.000Z,Iâ€˜m Barcelona fan but Cristiano Ronaldo is better than Lionel Messi. I like Messi more but Ronaldo is better than Messi. Great videoğŸ‘ğŸ‘ğŸ‘,Iâ€˜m Barcelona fan but Cristiano Ronaldo is better than Lionel Messi. I like Messi more but Ronaldo is better than Messi. Great videoğŸ‘ğŸ‘ğŸ‘,male,positive
142,MOVIE CREEP,UgxWCM0kwlNcAyrOOvN4AaABAg,0,0,True,2018-01-05T10:51:49.000Z,Barca fucked madrid so bad in el classico .,Barca fucked madrid so bad in el classico .,female,negative
143,Football World,Ugz_7Y8-_-ueHK_lsEt4AaABAg,0,0,True,2018-01-04T07:43:33.000Z,"<a href=""https://www.youtube.com/watch?v=ZvB5wjF_daE&amp;t=102s"">https://www.youtube.com/watch?v=ZvB5wjF_daE&amp;t=102s</a>",https://www.youtube.com/watch?v=ZvB5wjF_daE&t=102s,male,neutral
144,David Mendez,UgwyVGJGk2HwSEAgp3V4AaABAg,0,0,True,2018-01-03T17:53:04.000Z,cr7 is the best,cr7 is the best,male,positive
145,tu nguyen,UgzLSacqc2ejXU3L3Vl4AaABAg,0,0,True,2018-01-03T13:54:02.000Z,Ä‘c má»—i cÃ¡i sÃºt,Ä‘c má»—i cÃ¡i sÃºt,male,neutral
146,Aleatorio720,UgxyhgcYeTxk-jZUTKh4AaABAg,0,0,True,2018-01-03T02:05:34.000Z,"like man,i know its hard to make a ronaldo SKILLS  video beacuse its one of his worst atributes, and MAN, its way harder to make a &quot;BEAST&quot; MODE penaldo that doenst even exist no more. SO STOP BEING  BLIND MADRIDIOTS THAT thinks that winning a champions league makes you the best in the world. IMAGINE THIS: MADRID VS JUVENTUS, the game is 1x1 because RONALDO TIED THE SCORE AT THE 80TH MINUTE , and in the 85th minute BENZEMA SCORES AND WINS THE UCL TROPHY BECAUSE OBVIOUSLY THE GAME IS 2X1. DO YOU REALLY THINK THAT THE GOLDEN BALL IS GOING TO BENZEMA? NO, BECAUSE THE NAME &quot;RONALDO&quot; IS WAY HEAVIER  IN  THE MEDIA. THATS WHY NOWADAYS WINNIG THE BALLON DOR DOESNT MEAN YOU ARE THE BEST IN THE WORLD ANYMORE. THANKS.","like man,i know its hard to make a ronaldo SKILLS  video beacuse its one of his worst atributes, and MAN, its way harder to make a ""BEAST"" MODE penaldo that doenst even exist no more. SO STOP BEING  BLIND MADRIDIOTS THAT thinks that winning a champions league makes you the best in the world. IMAGINE THIS: MADRID VS JUVENTUS, the game is 1x1 because RONALDO TIED THE SCORE AT THE 80TH MINUTE , and in the 85th minute BENZEMA SCORES AND WINS THE UCL TROPHY BECAUSE OBVIOUSLY THE GAME IS 2X1. DO YOU REALLY THINK THAT THE GOLDEN BALL IS GOING TO BENZEMA? NO, BECAUSE THE NAME ""RONALDO"" IS WAY HEAVIER  IN  THE MEDIA. THATS WHY NOWADAYS WINNIG THE BALLON DOR DOESNT MEAN YOU ARE THE BEST IN THE WORLD ANYMORE. THANKS.",male,positive
147,Patrick Begovic,UgxUz8PTO_AoJltIlhV4AaABAg,0,0,True,2018-01-01T23:23:00.000Z,Me watching this video feels like Iâ€™m there the quality is that goodğŸ‘ŒğŸ½,Me watching this video feels like Iâ€™m there the quality is that goodğŸ‘ŒğŸ½,male,neutral
148,Domenik,Ugz-TYR2uXO4jnKy9KV4AaABAg,0,0,True,2018-01-01T20:46:57.000Z,"<a href=""http://freepplmoney.win/?XGfA39"">freepplmoney.win/?XGfA39</a>",freepplmoney.win/?XGfA39,male,neutral
149,Aloboti Mahato,Ugx5cmraxiAZnpeeIdB4AaABAg,0,0,True,2018-01-01T13:25:38.000Z,à¦­à¦¾à¦²à§‹,à¦­à¦¾à¦²à§‹,male,neutral
150,T.M.L,UgyX17IboNhdOL_6oVR4AaABAg,0,0,True,2017-12-31T13:23:47.000Z,He just wants to show off,He just wants to show off,male,positive
151,Eniola Elisery,UgxJl6Wx_OL-2pCYWft4AaABAg,0,0,True,2017-12-31T12:15:52.000Z,"Cristiano Ronaldo is really declining, just accept it guys.","Cristiano Ronaldo is really declining, just accept it guys.",female,positive
152,Deepoo Naorem,UgyOZ6jzGgO4M_tUC3V4AaABAg,0,0,True,2017-12-31T05:16:41.000Z,what&#39;s the song from the beginning of this video???,what's the song from the beginning of this video???,male,neutral
153,Luv Sharma,UgzAK2k6xmGCBR-cFZN4AaABAg,0,0,True,2017-12-31T04:45:46.000Z,"Want more skills videos by Cristiano Ronaldo-<a href=""https://www.youtube.com/channel/UCeYfnqcWFFbYfdsV07ng4Rg"">https://www.youtube.com/channel/UCeYfnqcWFFbYfdsV07ng4Rg</a>",Want more skills videos by Cristiano Ronaldo-https://www.youtube.com/channel/UCeYfnqcWFFbYfdsV07ng4Rg,female,positive
154,Krishna Wagle,UgzWIgss73uYCBVP7qB4AaABAg,0,0,True,2017-12-30T08:46:31.000Z,good player in cristion,good player in cristion,neutral,positive
155,wallycito,UgyT2lHpHiHp-V-jAXd4AaABAg,0,0,True,2017-12-29T23:44:49.000Z,ronaldo juega como juega zsuarez   nunca jugara como messi,ronaldo juega como juega zsuarez   nunca jugara como messi,male,neutral
156,Evani Araujo,UgwukrdcNYsRiMz8bUh4AaABAg,0,1,True,2017-12-29T22:35:41.000Z,Eu amo esse cara.<br />SÃ©rio  manoh,"Eu amo esse cara.
SÃ©rio  manoh",female,neutral
157,WarAssassin,Ugz72A1lY80wzr66OH54AaABAg,0,0,True,2017-12-29T21:19:30.000Z,Video wouldâ€™ve been better with better music not judging it was good though,Video wouldâ€™ve been better with better music not judging it was good though,female,positive
158,Aabir Slathia,Ugxljkjhqxz2CIwe7ap4AaABAg,0,0,True,2017-12-29T19:26:42.000Z,Tati,Tati,male,neutral
159,R RAGASABARISH,Ugj7E-rmoVZkDXgCoAEC,0,0,True,2017-12-29T06:02:36.000Z,I am a best fan of messi,I am a best fan of messi,male,positive
160,Ghsh55517 551,UgyP3n1GuNHv8I92BU94AaABAg,0,0,True,2017-12-29T03:47:03.000Z,Best vid bro keep up your shit bro on road to 1 million subscribers,Best vid bro keep up your shit bro on road to 1 million subscribers,male,positive
161,Muhd Raziq,UgyJdAkT_2HW5WuyAdB4AaABAg,0,0,True,2017-12-28T17:44:32.000Z,What type of first song,What type of first song,male,positive
162,Veronica Castro,Ugxo51CdrNBafkbnve94AaABAg,0,0,True,2017-12-28T00:53:18.000Z,SÃºper cool ğŸ¤™ğŸ¤™ğŸ‘ğŸ˜,SÃºper cool ğŸ¤™ğŸ¤™ğŸ‘ğŸ˜,female,positive
163,s red 12,Ugzq59Qu00lP-4A36Ld4AaABAg,0,0,True,2017-12-27T12:44:52.000Z,That was insanely beast,That was insanely beast,male,negative
164,Goku San,UgzrP0PJA2LErtEFNvN4AaABAg,0,0,True,2017-12-27T10:06:36.000Z,very good combination of music and skills !!! <br />keep it up bro,"very good combination of music and skills !!! 
keep it up bro",male,positive
165,Goku San,Ugz4TBsAq3akGpUaGAd4AaABAg,0,0,True,2017-12-27T09:59:27.000Z,best player in all,best player in all,male,positive
166,Utba Qureshi,UgwmqjaYMibvKCdlJjN4AaABAg,0,0,True,2017-12-27T08:32:34.000Z,fabulous skills. i dont care whatever peoples say about him. he is the best player in the world for me.,fabulous skills. i dont care whatever peoples say about him. he is the best player in the world for me.,male,positive
167,essie finch,UgxJ2iXzF9Q0hxXP-3V4AaABAg,0,0,True,2017-12-26T19:22:30.000Z,nice..,nice..,female,positive
168,Ronaldo7 Football,UgwYDNQDesjD4x0isnJ4AaABAg,0,0,True,2017-12-26T18:28:57.000Z,Kann mich bitte einer Abonnieren?,Kann mich bitte einer Abonnieren?,male,neutral
169,IMINJANOV DOVUDXON,UgymCcB1safjUlADKCF4AaABAg,0,0,True,2017-12-26T16:51:09.000Z,Cristiano is the best player in the world!!!,Cristiano is the best player in the world!!!,female,positive
170,Rhys Bannon,UgxWX9IG2ddTyvbpZSp4AaABAg,0,0,True,2017-12-26T15:11:17.000Z,I love Ronaldo best player ever,I love Ronaldo best player ever,male,positive
171,Bilal Da Silva,UgwAzOnLdRgEiH8pI-54AaABAg,0,0,True,2017-12-26T13:19:19.000Z,Messi Better than Ronaldo ;),Messi Better than Ronaldo ;),male,positive
172,SOGNANDO RONALDO,UgyVkCnXjFIE_BO5XKl4AaABAg,0,0,True,2017-12-26T13:09:38.000Z,"<a href=""http://www.youtube.com/channel/UC9lFW9yPtp56MVIGTNKVlcA"">www.youtube.com/channel/UC9lFW9yPtp56MVIGTNKVlcA</a>",www.youtube.com/channel/UC9lFW9yPtp56MVIGTNKVlcA,male,neutral
173,somu sanu,Ugwj8wIfUFc557ixBvZ4AaABAg,0,0,True,2017-12-26T07:13:09.000Z,"The best player in the history of football, CR7. Awesome music and great footage.","The best player in the history of football, CR7. Awesome music and great footage.",male,positive
174,Marcin Marcin,UgyCHd0UBdUroMhrFKp4AaABAg,0,0,True,2017-12-25T19:00:18.000Z,SUPER,SUPER,male,positive
175,Parth Manchanda,UgxuRwoRQPxJNlc2ig94AaABAg,0,0,True,2017-12-25T15:57:01.000Z,song name please,song name please,male,neutral
176,Adrian Suazo,Ugxs8wdSDmRAwbCfIQh4AaABAg,0,0,True,2017-12-25T08:55:21.000Z,LIKE SI CREES QUE BENZEMA NO SIRVE,LIKE SI CREES QUE BENZEMA NO SIRVE,male,neutral
177,Zakariya Ada,Ugw18f1h-XewRg-P_U14AaABAg,0,0,True,2017-12-23T16:31:59.000Z,who liked cr7,who liked cr7,male,positive
178,STELY HD king,Ugy1PbcmpgShTp2oJNp4AaABAg,0,0,True,2017-12-23T07:27:37.000Z,Sorry my promote 10 subs for my plss,Sorry my promote 10 subs for my plss,male,negative
179,Team XI,Ugzf88xhL5_P9V96rOp4AaABAg,0,0,True,2017-12-23T02:33:03.000Z,Awesome bro !!! Just loved it !! Which editing software u use??,Awesome bro !!! Just loved it !! Which editing software u use??,male,positive
180,smudgerbug,Ugz0DtTt-TemK9bBJRh4AaABAg,0,0,True,2017-12-22T21:50:54.000Z,"<b>Reminds me of </b><b><a href=""http://agar.io/"">Agar.io</a></b><b> tricksplitters! ğŸ˜‚ğŸ˜‚</b>",*Reminds me of **Agar.io** tricksplitters! ğŸ˜‚ğŸ˜‚*,male,neutral
181,rabia begum,Ugw4Q1-lqlArwZQRgVp4AaABAg,0,0,True,2017-12-22T15:02:52.000Z,i like it cr7,i like it cr7,female,neutral
182,FirstFirst LastLast,UgyM1wEpDlwz2h0yayp4AaABAg,0,0,True,2017-12-22T12:16:36.000Z,Mr bunsten hoo is your favrite player,Mr bunsten hoo is your favrite player,male,neutral
183,Blas Duarte,UgyLROQVop-bkXGFUy14AaABAg,0,0,True,2017-12-21T21:18:50.000Z,Beast mode ?? ğŸ˜‚ğŸ˜‚ğŸ˜‚ğŸ˜‚ğŸ˜‚ğŸ˜‚ğŸ˜‚ğŸ˜‚ğŸ˜‚ğŸ˜‚ OMG,Beast mode ?? ğŸ˜‚ğŸ˜‚ğŸ˜‚ğŸ˜‚ğŸ˜‚ğŸ˜‚ğŸ˜‚ğŸ˜‚ğŸ˜‚ğŸ˜‚ OMG,male,neutral
184,dante love,UgyGkl7w6ZOxL3TYOHN4AaABAg,0,0,True,2017-12-21T15:13:35.000Z,No doubt he is a score machine,No doubt he is a score machine,male,neutral
185,Zakariya Ada,Ugy1T0VsL0VhMi6Vq-x4AaABAg,0,0,True,2017-12-21T11:44:12.000Z,1 starting hand ball,1 starting hand ball,male,neutral
186,Gsm Moi,UgyNH7u74LKjyDoqoWp4AaABAg,0,0,True,2017-12-21T04:52:15.000Z,1,1,female,neutral
187,Matal,UgyYh4U0NaanwRwEADV4AaABAg,0,0,True,2017-12-21T03:16:56.000Z,Pro-tip: Hit mute as soon as this video starts. You&#39;re welcome.,Pro-tip: Hit mute as soon as this video starts. You're welcome.,neutral,positive
188,Tytha Mdfntes,UgzzGqC8RM-U3WpB_7J4AaABAg,0,0,True,2017-12-20T00:38:14.000Z,CR7 in the first part he was beast ğŸ˜,CR7 in the first part he was beast ğŸ˜,female,positive
189,Calma,Ugzsdxpp0TdURWwXcB14AaABAg,0,0,True,2017-12-19T22:39:42.000Z,No Champions League clips???,No Champions League clips???,female,neutral
190,Noah Bruch,Ugx8zlaqJnTb4Ru2wbh4AaABAg,0,0,True,2017-12-19T15:40:10.000Z,3lied?,3lied?,male,neutral
191,DÃ´mÃ­ÅˆÃ®Ä‡ Massey,Ugyuj1r__xfa9xvV1vl4AaABAg,0,0,True,2017-12-19T15:10:58.000Z,which  song,which  song,male,neutral
192,Ronaldo Cristiano,UgzBpdWAtPjUc8w6sJ14AaABAg,0,0,True,2017-12-19T09:20:16.000Z,I love you,I love you,male,positive
193,road runner coops,UgxUmyZppNzaZvwn_fl4AaABAg,0,0,True,2017-12-18T20:55:24.000Z,legend koke CR7 FOR LIFE NO EXCUSE RONALDO 5 BALLON&#39;DOR,legend koke CR7 FOR LIFE NO EXCUSE RONALDO 5 BALLON'DOR,male,positive
194,armando Corimanya,UgzSnMklSmXVQdfaaiR4AaABAg,0,0,True,2017-12-18T20:50:35.000Z,El mejor <br />Saludos desde Peru Lima la victoria,"El mejor 
Saludos desde Peru Lima la victoria",male,neutral
195,road runner coops,UgydMDggH_9HglBGnUp4AaABAg,0,0,True,2017-12-18T20:46:41.000Z,"song at <a href=""https://www.youtube.com/watch?v=c48rERVac-w&amp;t=3m06s"">3:06</a>",song at 3:06,male,neutral
196,FURKAN Ä°NCÄ°,UgzqVl6FTo9JLd4JRvJ4AaABAg,0,0,True,2017-12-18T20:29:20.000Z,messi &gt;ronaldo,messi >ronaldo,male,neutral
197,Juan Miguel Rubio Cornejo,UgzWanAKM2P6dexBSGp4AaABAg,0,0,True,2017-12-17T23:13:00.000Z,"Menos mal que Cristiano ya no tiene ni velocidad, ni regatea, solo empuja balones, esta acabadisimo si, Ã©l mientras que os siga callando la boca","Menos mal que Cristiano ya no tiene ni velocidad, ni regatea, solo empuja balones, esta acabadisimo si, Ã©l mientras que os siga callando la boca",male,neutral
198,Matej Novak,UgyjFsgKhtHrvqtkuOp4AaABAg,0,0,True,2017-12-17T16:31:08.000Z,Hah ronaldo is shit,Hah ronaldo is shit,male,negative
199,ahltoledo,Ugy9oMhZx1i2KEVUHGt4AaABAg,0,0,True,2017-12-17T15:53:04.000Z,Ele Ã© foda,Ele Ã© foda,male,neutral
200,Toxa Rottweiler,UgzFsyIvhTaAaToP2PZ4AaABAg,0,0,True,2017-12-17T15:10:14.000Z,The BEST Player In The World ! ! !,The BEST Player In The World ! ! !,neutral,positive
201,Saikat Chan,UgyoyB9pMF0S8SwkYvp4AaABAg,0,0,True,2017-12-17T13:37:09.000Z,roDolkegol,roDolkegol,male,neutral
202,Mony Kol,UgzgRqiNaaF71LwUU4F4AaABAg,0,0,True,2017-12-17T11:44:05.000Z,Not a good start for him this season but he&#39;s getting better.,Not a good start for him this season but he's getting better.,male,positive
203,JP FUT,UgxxC3db8KPo_lTote14AaABAg,0,1,True,2017-12-17T10:39:36.000Z,"Very very good . Respected,<br />I have two questions<br />1.)Where to download this all clips.. without copyright<br />2.) I like your videos.....but I have issues with your symbol.....my opinion change the symbol.ğŸ‘ğŸ‘","Very very good . Respected,
I have two questions
1.)Where to download this all clips.. without copyright
2.) I like your videos.....but I have issues with your symbol.....my opinion change the symbol.ğŸ‘ğŸ‘",male,positive
204,Alex Botezat,Ugx-FJDkQlWL84niB0B4AaABAg,0,0,True,2017-12-17T10:13:36.000Z,Song????,Song????,male,neutral
205,Noob Gamer,UgxVLNO_iMjn8wgBmzZ4AaABAg,0,0,True,2017-12-17T08:25:50.000Z,Goal machine Ronaldo<br />Magician Messi<br />Wish they had played together,"Goal machine Ronaldo
Magician Messi
Wish they had played together",male,neutral
206,Huma Yasir,UgylKT-IRCEAlPJ55hl4AaABAg,0,0,True,2017-12-16T16:23:54.000Z,In future he get more ballon dor,In future he get more ballon dor,female,positive
207,Huma Yasir,UgxF05Jl1js_bsYs_-B4AaABAg,0,1,True,2017-12-16T16:23:28.000Z,Neymar is very very very best because neymar get more balon dor then ronaldo and messi,Neymar is very very very best because neymar get more balon dor then ronaldo and messi,female,positive
208,prince farhan,UgxNlpueSEmOI9nAgi94AaABAg,0,0,True,2017-12-16T15:11:28.000Z,I think this team is same as the prior one but different is style of play and rotation of squad in la liga which curse the most that&#39;s why we are 4th in la liga. Zizou must alter his decisions and formation.,I think this team is same as the prior one but different is style of play and rotation of squad in la liga which curse the most that's why we are 4th in la liga. Zizou must alter his decisions and formation.,male,positive
209,Jean Pingo,UgzYmVqiW7wwGms9PwR4AaABAg,0,0,True,2017-12-16T13:18:02.000Z,Neymar...,Neymar...,male,neutral
210,iRadwan Ever,Ugyf6G4oREvz-zKSlxB4AaABAg,0,1,True,2017-12-16T11:52:35.000Z,Wheres his solo run againts tottenham ?,Wheres his solo run againts tottenham ?,male,neutral
211,Chris Don't Miss,UgzqYIJ8iBoEAhQuYWN4AaABAg,0,1,True,2017-12-16T09:01:41.000Z,Music is weird but that editing is sick. Awesome quality! You&#39;re one of my role models in editing Cristiano comps. Please tell me where did you get the most of your hd footages especially these footages with special camera ankle (Cristiano ronaldo dribbling where you just see his legs)?,Music is weird but that editing is sick. Awesome quality! You're one of my role models in editing Cristiano comps. Please tell me where did you get the most of your hd footages especially these footages with special camera ankle (Cristiano ronaldo dribbling where you just see his legs)?,male,positive
212,Chris MJ7,UgyWFZWsXa6Q6-ThPbJ4AaABAg,0,0,True,2017-12-16T02:31:48.000Z,CR7 is the best soccer player ever!!!!!!!,CR7 is the best soccer player ever!!!!!!!,male,positive
213,Rui EncarnaÃ§Ã£o,UgxbRIsQY-wIYW5liKl4AaABAg,0,0,True,2017-12-16T01:17:14.000Z,WORLD NÂº1... UNBELIEVABLE PLAYER,WORLD NÂº1... UNBELIEVABLE PLAYER,male,negative
214,Thomas Ringel,Ugx0HhyLmYCFG013aIZ4AaABAg,0,0,True,2017-12-15T20:51:33.000Z,honor to whom honor is due,honor to whom honor is due,male,negative
215,Thomas Ringel,Ugy-ncBlx9itIk39MER4AaABAg,0,0,True,2017-12-15T20:50:48.000Z,ehre wem ehre gebÃ¼hrt,ehre wem ehre gebÃ¼hrt,male,neutral
216,Mo Salah,UgywsOnNCNMazeoVa2N4AaABAg,0,0,True,2017-12-15T18:26:22.000Z,super hot boiiiii,super hot boiiiii,male,positive
217,baTtlLeRatYx,UgyD8vPEs4Z7pvsjyD94AaABAg,0,0,True,2017-12-15T18:11:25.000Z,"Sry. but this Session Cr7 isnt good at all, he misses a tons of 1000% Chances, just 2 goals , passes arent great ... he is a very great player, but he got soo much bad luck this year, i hope heÂ´ll get back to his normal form soon","Sry. but this Session Cr7 isnt good at all, he misses a tons of 1000% Chances, just 2 goals , passes arent great ... he is a very great player, but he got soo much bad luck this year, i hope heÂ´ll get back to his normal form soon",female,positive
218,Awais Iqbal,UgwvnwDraRh1YjGU2nR4AaABAg,0,0,True,2017-12-15T18:11:20.000Z,"Think about it all u messi fools, Ronaldo spent a long time in the BPL Messi has spent all his time in La Liga giving him more experience in that league","Think about it all u messi fools, Ronaldo spent a long time in the BPL Messi has spent all his time in La Liga giving him more experience in that league",male,positive
219,TheAsianSteve,Ugxka5p8tplatQJJT214AaABAg,0,0,True,2017-12-15T17:30:49.000Z,Still has the man U skills,Still has the man U skills,male,neutral
220,Puran Singh Rawat,UgwXZCOj63FaMkHy4dN4AaABAg,0,0,True,2017-12-15T17:00:25.000Z,bro which song do you use please tell me,bro which song do you use please tell me,male,neutral
221,Eduane Cardoso,UgwGU_3YpBhOy1aEBdl4AaABAg,0,0,True,2017-12-15T17:00:13.000Z,The best of story for futebol.,The best of story for futebol.,male,positive
222,carlitos,Ugz5kwRmTMYXnGQzhdV4AaABAg,0,0,True,2017-12-15T12:48:10.000Z,que aburrido el video,que aburrido el video,male,neutral
223,carlitos,Ugzg7yJcfPvTC53hBN94AaABAg,0,0,True,2017-12-15T12:46:58.000Z,0 calidad nose xq gano el the besencuando,0 calidad nose xq gano el the besencuando,male,neutral
224,carlitos,UgzWwLy4ucSMKYqS9aB4AaABAg,0,0,True,2017-12-15T12:44:14.000Z,tronconaldo felis navidad,tronconaldo felis navidad,male,neutral
225,O11ZE PRODUÃ‡Ã•ES,UgwSYxFCRSG0g9ejtUN4AaABAg,0,0,True,2017-12-15T12:13:12.000Z,Como Ã© o nome dassa mÃºsica?,Como Ã© o nome dassa mÃºsica?,male,neutral
226,Dalgia,Ugy9CvtmFmiPZ1Dd_q94AaABAg,0,1,True,2017-12-14T23:30:29.000Z,How ronaldo won ballon dor is beyond me,How ronaldo won ballon dor is beyond me,female,neutral
227,Carlos is legal,UgysqXugUehHXzW6YHl4AaABAg,0,0,True,2017-12-14T22:41:47.000Z,so much better on mute...,so much better on mute...,male,positive
228,Rosa Lopes Silva,UgzgdQ1uqb8hSNlbMbd4AaABAg,0,0,True,2017-12-14T19:36:13.000Z,ola,ola,female,neutral
229,Sergio Guartazaca,UgyqyA17v7rKmwP20T94AaABAg,0,0,True,2017-12-14T17:57:37.000Z,Im not fun pf cr7 who puts the songs sound so gay,Im not fun pf cr7 who puts the songs sound so gay,male,positive
230,Mohammad Khamisi,Ugy1j8wcOjw1-JEpYYp4AaABAg,0,0,True,2017-12-14T17:56:14.000Z,look&#39;s like you just whatch the la liga,look's like you just whatch the la liga,male,neutral
231,Anto Antonia,Ugxq8JFH7HtCZIXnBAx4AaABAg,0,0,True,2017-12-14T17:25:38.000Z,"Music name <a href=""https://www.youtube.com/watch?v=c48rERVac-w&amp;t=0m05s"">0:05</a>???",Music name 0:05???,male,neutral
232,Mateo LopÃ¨z,UgzPldn9hxPDlKPdUfF4AaABAg,0,0,True,2017-12-14T16:41:44.000Z,The best player in the world,The best player in the world,male,positive
233,frazzled pink,Ugxfwfnm0wU1_Q6QV-F4AaABAg,0,0,True,2017-12-14T15:20:56.000Z,"was showing a lot of good legs and reactions and long range shots, not actual ability. but anelka is the greatest ever imo","was showing a lot of good legs and reactions and long range shots, not actual ability. but anelka is the greatest ever imo",male,positive
234,Kacper_Ziom,UgzBPfsqGmpQWv0aPpZ4AaABAg,0,0,True,2017-12-14T14:32:53.000Z,RONALDO THE BEST OF THE WORLD !!!!!,RONALDO THE BEST OF THE WORLD !!!!!,male,positive
235,Dante Di Tommaso,UgxHMlPN-YIUOTI00p54AaABAg,0,0,True,2017-12-14T14:25:22.000Z,"I am watching this video after watching a messi&#39;s video first... is it in slow motion, cause messi&#39;s was very fast.","I am watching this video after watching a messi's video first... is it in slow motion, cause messi's was very fast.",female,positive
236,John Devilas,UgxQhaIHdCX8UGMT8VV4AaABAg,0,0,True,2017-12-14T12:15:56.000Z,Ronaldo yes,Ronaldo yes,male,neutral
237,Jemus BAHATI,UgzeTX4NxzINKcjcbhl4AaABAg,0,0,True,2017-12-14T12:06:20.000Z,Goodbye 2017. 2018 HERE I COME!,Goodbye 2017. 2018 HERE I COME!,male,neutral
238,Christian Herold,UgxK0itTuwJ_2S7UuBl4AaABAg,0,0,True,2017-12-14T11:50:19.000Z,Ich bin ein MÃ¤dchen und heiÃŸe Leonie und ich endresire mich  auch  Ã¼ber FuÃŸball  und der Ronaldo ich bin ein kroser fen auch mein Bruder Tobias Interesirt sich auch fÃ¼r den Ronaldo und ich Leonie geh auch FuÃŸballs spielen und mein Bruder geht auch FuÃŸball spielen ich gehe auch Leonie geht auch in einem Verein FuÃŸball spielen mein Bruder das geht auch in einem Verein FuÃŸball spielen und ich gehe DSC FuÃŸball spielen eine MÃ¤dchenmannschaft und mein Bruder geht nicht weiter SV Hinterberg aber jetzt ist er in einer in Prolet geht jetzt mein Bruder Tobias,Ich bin ein MÃ¤dchen und heiÃŸe Leonie und ich endresire mich  auch  Ã¼ber FuÃŸball  und der Ronaldo ich bin ein kroser fen auch mein Bruder Tobias Interesirt sich auch fÃ¼r den Ronaldo und ich Leonie geh auch FuÃŸballs spielen und mein Bruder geht auch FuÃŸball spielen ich gehe auch Leonie geht auch in einem Verein FuÃŸball spielen mein Bruder das geht auch in einem Verein FuÃŸball spielen und ich gehe DSC FuÃŸball spielen eine MÃ¤dchenmannschaft und mein Bruder geht nicht weiter SV Hinterberg aber jetzt ist er in einer in Prolet geht jetzt mein Bruder Tobias,male,neutral
239,Alfhi P,Ugyb5e7jI9xE2vpYPQp4AaABAg,0,0,True,2017-12-14T11:18:14.000Z,Mantapp CR7ğŸ‘,Mantapp CR7ğŸ‘,male,neutral
240,Kervin Garcia,UgxcU-KBRVf5kO1N9qB4AaABAg,0,0,True,2017-12-14T06:14:09.000Z,Ronaldo better than messi,Ronaldo better than messi,male,positive
241,Zane Tinawi,Ugzk-oqY_OE_cncTmgt4AaABAg,0,0,True,2017-12-14T05:17:31.000Z,Unbilvible best player in history,Unbilvible best player in history,male,positive
242,Matthew D,UgwnfDd9pIAK-sijVHJ4AaABAg,0,0,True,2017-12-14T03:36:46.000Z,God bless you guys and your families,God bless you guys and your families,male,neutral
243,Octavio Avalos fernandez,Ugx1m5XQmQJcjua0wH54AaABAg,0,0,True,2017-12-14T03:29:46.000Z,cristiano the king ğŸ’,cristiano the king ğŸ’,male,neutral
244,fresh dude,Ugyku_uBoJJLPS4W2P14AaABAg,0,0,True,2017-12-14T02:00:32.000Z,Still the goat much love from U.S.a,Still the goat much love from U.S.a,male,positive
245,Teteuzinho Teteu,UgwmM6BrpvorhYzEpIJ4AaABAg,0,0,True,2017-12-14T01:46:07.000Z,Nunca nen vii ğŸ™ˆ,Nunca nen vii ğŸ™ˆ,male,neutral
246,CR7 PREMIUM,UgzG8J4LtUt7Iojmz0x4AaABAg,0,0,True,2017-12-13T23:44:44.000Z,"NÃƒO SABIA QUE VOCÃŠ ERA BRASILEIRO! CARACA! &#39;&#39;TAMO&#39;&#39; BEM NA COMUNIDADE CRISTIANESCA, HEIN???? KKKKKKKKKKK","NÃƒO SABIA QUE VOCÃŠ ERA BRASILEIRO! CARACA! ''TAMO'' BEM NA COMUNIDADE CRISTIANESCA, HEIN???? KKKKKKKKKKK",male,neutral
247,CR7 PREMIUM,Ugzh0MjA32Du5rv5UrN4AaABAg,0,0,True,2017-12-13T23:42:15.000Z,"KKKKKKKK. I&#39;M HERE WITH MY LITTLE CHANEL THINKING MY CHANEL IS GOOD, AND, I WATCH IT! KKKKKKKKKKKKKKKKKKKKKKKK!","KKKKKKKK. I'M HERE WITH MY LITTLE CHANEL THINKING MY CHANEL IS GOOD, AND, I WATCH IT! KKKKKKKKKKKKKKKKKKKKKKKK!",male,positive
248,Lol Lol,Ugx5sZGL6lYREQ6nZ5x4AaABAg,0,0,True,2017-12-13T23:17:40.000Z,His legs are working like the used too but he&#39;s still great.,His legs are working like the used too but he's still great.,male,positive
249,Kyle Girouard,UgzvafGk8FY9VvSRXK94AaABAg,1,0,True,2017-12-13T22:01:09.000Z,Like for messi <br />Comment for ronaldoğŸ‘€,"Like for messi 
Comment for ronaldoğŸ‘€",male,neutral
250,neglet oli,Ugx2RdocbnXbJpy-HAF4AaABAg,0,0,True,2017-12-13T18:09:31.000Z,definitivamente es un jugador sobrevalorado... no se merecÃ­a esos 5 valones de oro,definitivamente es un jugador sobrevalorado... no se merecÃ­a esos 5 valones de oro,male,neutral
251,Cemil Gencturk,UgzWahOkr5uLF0Ncvz54AaABAg,0,0,True,2017-12-13T16:12:18.000Z,Ronaldo reis,Ronaldo reis,male,neutral
252,Gale Frcic,UgyWijZvYd77CJdY_Kx4AaABAg,0,0,True,2017-12-13T15:51:37.000Z,"GOAT midgets can t be com,pared with Goods!","GOAT midgets can t be com,pared with Goods!",female,neutral
253,Dani Lav,UgyP7fOYxAT2zQRhjYB4AaABAg,0,0,True,2017-12-13T14:43:50.000Z,The beast needs to wake up!,The beast needs to wake up!,neutral,neutral
254,C.Ronaldo Fans,UgzQlMMzOk_ia9417G14AaABAg,0,0,True,2017-12-13T13:51:36.000Z,the best  player for ever is CR7,the best  player for ever is CR7,male,positive
255,Caarmine Coppola,Ugy9l9RtnjAWu50K27R4AaABAg,0,0,True,2017-12-13T12:45:29.000Z,E scarso,E scarso,male,neutral
256,Ilyas Mouatif,Ugyvki0dW2KleOJkjLt4AaABAg,0,0,True,2017-12-13T12:35:33.000Z,"Great scoring ability, unfortunatly he can&#39;t get pass players anymore...","Great scoring ability, unfortunatly he can't get pass players anymore...",male,positive
257,nhi haong,UgwlpUx2ExD8vL12ywt4AaABAg,0,0,True,2017-12-13T12:35:14.000Z,ele tombem ronaldo rock,ele tombem ronaldo rock,female,neutral
258,Magnus,UgxdeO9BVBHYLEu95px4AaABAg,0,0,True,2017-12-13T11:28:58.000Z,Cr7 is Best,Cr7 is Best,male,positive
259,Mea7,UgxXKSMjeE_wplP4plR4AaABAg,0,0,True,2017-12-13T11:08:28.000Z,Only La liga ...,Only La liga ...,female,neutral
260,Ankush Raut,Ugyrzs33_LfJP1qkfCx4AaABAg,0,1,True,2017-12-13T10:41:56.000Z,"Haters of <a href=""http://www.youtube.com/results?search_query=%23cr7"">#cr7</a> shall die in hell and dwell in shame....",Haters of #cr7 shall die in hell and dwell in shame....,male,neutral
261,Isabelle Warren,UgxXbBTomr5885PUbqN4AaABAg,0,0,True,2017-12-13T06:38:21.000Z,"<a href=""https://www.youtube.com/watch?v=c48rERVac-w&amp;t=0m48s"">0:48</a> thats me just trynna get out of the way",0:48 thats me just trynna get out of the way,female,neutral
262,Lando Mairans,Ugzs-IhXNs21X6bURtx4AaABAg,0,0,True,2017-12-13T05:46:10.000Z,Messi is still better,Messi is still better,male,positive
263,david yosua,UgwhmvuyQaQS6Y7Aq8F4AaABAg,0,0,True,2017-12-13T05:44:37.000Z,You&#39;r the best legend ronaldo hala madrid,You'r the best legend ronaldo hala madrid,male,positive
264,abhishek singh,UgwTNWEW4-JitVez2OF4AaABAg,0,1,True,2017-12-13T03:04:36.000Z,This is only from laliga and in just this Cristiano Ronaldo the greatest ever has scored golazo that pessi hasn&#39;t scored in his whole career and never will facts,This is only from laliga and in just this Cristiano Ronaldo the greatest ever has scored golazo that pessi hasn't scored in his whole career and never will facts,male,positive
265,Walker_Rost_Gabriela.CR7_C.C GÃ³mez_C.C,UgxZnCnIcD3PJfKzM6F4AaABAg,0,0,True,2017-12-13T03:04:02.000Z,Hala_Madrid y nada  mÃ¡s  forever  Real  Madrid  forever  yes â˜ºâ˜ºâ˜ºğŸ’–ğŸ’—ğŸ‘ğŸ‘ğŸ‘ğŸ‘ğŸ‘ŒğŸ‘ŒğŸ‘ŒğŸ‘ŒğŸ‘ŒğŸ‘ğŸ‘ğŸ‘ğŸ‘âœŒâœŒâœŒâœŒâœŒâœŒâœŒ,Hala_Madrid y nada  mÃ¡s  forever  Real  Madrid  forever  yes â˜ºâ˜ºâ˜ºğŸ’–ğŸ’—ğŸ‘ğŸ‘ğŸ‘ğŸ‘ğŸ‘ŒğŸ‘ŒğŸ‘ŒğŸ‘ŒğŸ‘ŒğŸ‘ğŸ‘ğŸ‘ğŸ‘âœŒâœŒâœŒâœŒâœŒâœŒâœŒ,male,positive
266,Walker_Rost_Gabriela.CR7_C.C GÃ³mez_C.C,UgyLfgNpRs_7jawzy7R4AaABAg,0,0,True,2017-12-13T03:02:24.000Z,Beautiful  Cristiano  Ronaldo  el mejor  de  todos  yes yes forever  â˜ºâ˜ºâ˜ºğŸ˜»ğŸ˜»ğŸ’•ğŸ’–ğŸ’—ğŸ‘ğŸ‘ğŸ‘ğŸ‘ğŸ‘ğŸ‘ğŸ‘ğŸ‘ğŸ‘ŒğŸ‘ŒğŸ‘ŒğŸ‘ŒğŸ‘ŒğŸ‘ŒğŸ‘ŒğŸ‘ŒğŸ‘ŒğŸ‘ŒğŸ‘ŒğŸ‘ŒğŸ‘ŒğŸ‘ğŸ‘ğŸ‘ğŸ‘ğŸ‘ğŸ‘ğŸ‘ğŸ‘ğŸ‘ğŸ‘ğŸ‘ğŸ‘ğŸ‘ğŸ‘ğŸ‘ğŸ‘âœŒâœŒâœŒâœŒâœŒ,Beautiful  Cristiano  Ronaldo  el mejor  de  todos  yes yes forever  â˜ºâ˜ºâ˜ºğŸ˜»ğŸ˜»ğŸ’•ğŸ’–ğŸ’—ğŸ‘ğŸ‘ğŸ‘ğŸ‘ğŸ‘ğŸ‘ğŸ‘ğŸ‘ğŸ‘ŒğŸ‘ŒğŸ‘ŒğŸ‘ŒğŸ‘ŒğŸ‘ŒğŸ‘ŒğŸ‘ŒğŸ‘ŒğŸ‘ŒğŸ‘ŒğŸ‘ŒğŸ‘ŒğŸ‘ğŸ‘ğŸ‘ğŸ‘ğŸ‘ğŸ‘ğŸ‘ğŸ‘ğŸ‘ğŸ‘ğŸ‘ğŸ‘ğŸ‘ğŸ‘ğŸ‘ğŸ‘âœŒâœŒâœŒâœŒâœŒ,male,positive
267,abhishek singh,Ugy0CXOi0lJgV5tKzbt4AaABAg,0,0,True,2017-12-13T02:53:55.000Z,Cristiano Ronaldo the greatest ever fact,Cristiano Ronaldo the greatest ever fact,male,positive
268,Talisson Lima,UgyXnO2QVlD8ibrz2SV4AaABAg,0,0,True,2017-12-12T22:45:59.000Z,My idol CR7 âš½,My idol CR7 âš½,female,neutral
269,KICK7,UgyIftHLYQMN27meH4t4AaABAg,0,0,True,2017-12-12T20:37:30.000Z,King ğŸ™ğŸ˜˜,King ğŸ™ğŸ˜˜,male,neutral
270,Rnbsoccerstar7,UgwfWO0ptPf3eQcrLN94AaABAg,0,1,True,2017-12-12T20:20:25.000Z,"He never gives up thats why he is unstoppable in the beast mode <a href=""http://www.youtube.com/results?search_query=%23SIUUU"">#SIUUU</a>",He never gives up thats why he is unstoppable in the beast mode #SIUUU,neutral,neutral
271,Abderrahmen Chihi,UgwliRu5vCDG8WbMAS14AaABAg,0,0,True,2017-12-12T16:53:32.000Z,thanks for the video nice job who dislike this video,thanks for the video nice job who dislike this video,male,positive
272,TROCRi 9,Ugw_uoIpLsij6-b1WIp4AaABAg,0,0,True,2017-12-12T16:48:32.000Z,"<a href=""https://www.youtube.com/watch?v=c48rERVac-w&amp;t=00m01s"">00:01</a> uau !",00:01 uau !,female,neutral
273,Pa Sa,Ugya_rla84ypXdCpL5R4AaABAg,0,0,True,2017-12-12T16:18:21.000Z,"<a href=""https://www.youtube.com/watch?v=c48rERVac-w&amp;t=00m46s"">00:46</a> Nacho ğŸ˜‚ğŸ‘Œ",00:46 Nacho ğŸ˜‚ğŸ‘Œ,female,neutral
274,Viewwell,UgypUGCSVdZfqxoKHmR4AaABAg,0,1,True,2017-12-12T16:09:23.000Z,Do game analysis.,Do game analysis.,neutral,negative
275,Ali Khan,Ugx0y_nTI4po-fY9BqN4AaABAg,0,0,True,2017-12-12T15:43:30.000Z,Ali khan,Ali khan,male,neutral
276,football my love,Ugx1rAYSgJE57Aztyqd4AaABAg,0,0,True,2017-12-12T15:18:27.000Z,Exchange of contributions,Exchange of contributions,male,neutral
